code,product_name,ingredients_text,allergens_en,image_url,ingredients_cleaned,nb_ingredients,ewg_status,Product_Score
2000000000953,Meridol,"Fluorure d'amines Olafluor, fluorure d'étain (1400 ppmF)",,,"fluorure damines olafluor, fluorure dtain",2,ALL_FOUND,
20460402,Papier toilette ouaté double épaisseur parfumé nénuphar bleu,100% pure ouate de cellulose.,,,pure ouate de cellulose,1,ALL_FOUND,
3048090040251,Poudre dentaire blanchissante,sodium bicarbonate.,,http://en.openbeautyfacts.org/images/products/304/809/004/0251/front.5.400.jpg,sodium bicarbonate,1,ALL_FOUND,
3182611044028,Savon Le Cube Marseillais,Savon 30% et plus,,,savon et plus,1,ALL_FOUND,
3250392332372,Le Moelleux,100% pure ouate de cellulose.,,,pure ouate de cellulose,1,ALL_FOUND,
3253581171820,Crème mains Karité 20%,Phénoxyéthanol,,,phnoxythanol,1,ALL_FOUND,
3256224069478,Huile de soin douce raffinée,"VITIS VINIFERA SEED OIL, TOCOPHEROL.",,http://en.openbeautyfacts.org/images/products/325/622/406/9478/front.5.400.jpg,"vitis vinifera seed oil, tocopherol",2,ALL_FOUND,1.0
3263855723228,Soin des lèvres,"PARAFFINUM LIQUIDUM, CETYL PALMITATE, OZOKERITE, PARAFFIN, BUTYROSPERMUM PARKII BUTTER, ISOPROPYL MYRISTATE, ETHYLHEXYL METHOXYCINNAMATE, BUTYL METHOXYDIBENZOYLMETHANE, ETHYL VANILLIN, TOCOPHERYL ACETATE, BHT",,http://en.openbeautyfacts.org/images/products/326/385/572/3228/front.5.400.jpg,"paraffinum liquidum, cetyl palmitate, ozokerite, paraffin, butyrospermum parkii butter, isopropyl myristate, ethylhexyl methoxycinnamate, butyl methoxydibenzoylmethane, ethyl vanillin, tocopheryl acetate, bht",11,ALL_FOUND,1.1136363636363635
3263856042311,"Gel nettoyant mains, solution hydroalcoolique",ETHANOL (CAS n°64-17-5) à 69% (m/m).,,,ethanol,1,ALL_FOUND,
3263856042328,Gel nettoyant mains anti bactérien sans rinçage,ETHANOL (CAS n°64-17-5) à 69% (m/m).,,http://en.openbeautyfacts.org/images/products/326/385/604/2328/front.5.400.jpg,ethanol,1,ALL_FOUND,
3282770073478,Soin lèvres sensibles,"Mineral Oil (Paraffinum Liquidum), Ricinus Communis (Castor) Seed Oil, Beeswax, Hydrogenated Castor Oil, Isopropyl Palmitate, Butyrospermum Parkii Butter, Cetyl Esters, Cetearyl Ethylhexanoate, Bis-Diglyceryl Polyacyladipate-2, Hydrogenated Vegetable Oil, Squalane, Microcrystalline Wax, Aluminium Sucrose Octasulfate, Glyceryl Linoleate, Glyceryl Oleate, Glyceryl Palmitate, Glyceryl Stearate, Glycine Soja Oil, Isopropyl Myristate, Stearyl Glycyrrhenate, Tocopherol, Tocopheryl Acetate.",,,"mineral oil, ricinus communis seed oil, beeswax, hydrogenated castor oil, isopropyl palmitate, butyrospermum parkii butter, cetyl esters, cetearyl ethylhexanoate, bisdiglyceryl polyacyladipate, hydrogenated vegetable oil, squalane, microcrystalline wax, aluminium sucrose octasulfate, glyceryl linoleate, glyceryl oleate, glyceryl palmitate, glyceryl stearate, glycine soja oil, isopropyl myristate, stearyl glycyrrhenate, tocopherol, tocopheryl acetate",22,ALL_FOUND,1.0
3284410034917,Huile de jojoba,Simmondsia chinensis (jojoba) seed oil,,,simmondsia chinensis seed oil,1,ALL_FOUND,
3286018000516,Spray d'huile d'amande douce corps et bain,"prunus amygdalus dulcis oil, tocopherol.",,,"prunus amygdalus dulcis oil, tocopherol",2,ALL_FOUND,1.0
3337872410345,Démaquillant yeux peaux sensibles,"AQUA / WATER, PEG-120 METHYL GLYCOSE DIOLEATE, HEXYLENE GLYCOL, ALLANTOIN, POLOXAMER 124, POLOXAMER 184, DISODIUM COCOAMPHODIACETATE, DISODIUM EDTA, CITRIC ACID, POLYAMINOPROPYL BIGUANIDE. (CODE F.I.L. B26941/5).",,http://en.openbeautyfacts.org/images/products/333/787/241/0345/front.6.400.jpg,"aqua water, peg methyl glycose dioleate, hexylene glycol, allantoin, poloxamer, disodium cocoamphodiacetate, disodium edta, citric acid, polyaminopropyl biguanide",9,ALL_FOUND,1.1
3348070010602,Henné poudre - Cuivre,LAWSONIA INERMIS (HENNA) LEAF EXTRACT.,,,lawsonia inermis leaf extract,1,ALL_FOUND,
3400934780509,Fluorure de sodium Cholécalciférol,"cholécalciférol (vitamine D3), fluorure de sodium.",,,"cholcalcifrol, fluorure de sodium",2,ALL_FOUND,
3450051306113,Neptigel,"Ethanol CAS 64-17-5 60% m/m, isopropanol CAS67-63-0 15% m/m.",,http://en.openbeautyfacts.org/images/products/345/005/130/6113/front.8.400.jpg,"ethanol cas mm, isopropanol cas mm",2,ALL_FOUND,
3450270012772,Dermo-Soin Huile d'Azulène,"PARAFFINUM LIQUIDUM, ISOPROPYL MYRISTATE, GAIAZULENE, GERANIOL.",,,"paraffinum liquidum, isopropyl myristate, gaiazulene, geraniol",4,ALL_FOUND,1.4166666666666667
3478820035866,Pierre alun,Potassium alum,,,potassium alum,1,ALL_FOUND,1.0
3516170021655,Huile végétale vierge bio Rosier muscat,Rosa Rubiginosa (Rosehip) Seed Oil,,,rosa rubiginosa seed oil,1,ALL_FOUND,
3518646023361,Pierre d'alun de Panama,Potassium alum.,,http://en.openbeautyfacts.org/images/products/351/864/602/3361/front.6.400.jpg,potassium alum,1,ALL_FOUND,
3532281625605,Gel de massage aphrodisiaque Gingembre,"Glycerin, Polysorbate-20, Aroma, Lactic Acid, Zingiber Officinale Root Extract",,http://en.openbeautyfacts.org/images/products/353/228/162/5605/front.5.400.jpg,"glycerin, polysorbate, aroma, lactic acid, zingiber officinale root extract",5,ALL_FOUND,1.375
3559480201966,Eau florale Bleuet Soin des yeux,"CENTAUREA CYANUS FLORAL WATER, SODIUM BENZOATE, POTASSIUM SORBATE.      ",,,"centaurea cyanus floral water, sodium benzoate, potassium sorbate",3,ALL_FOUND,1.25
3560070160440,Fil dentaire Specialist mentholé avec fluor,"CERA MICROCRISTALLINA, AROMA, SODIUM FLUORIDE, SODIUM MONOFLUOROPHOSPHATE, LIMONENE, LINALOOL",,,"cera microcristallina, aroma, sodium fluoride, sodium monofluorophosphate, limonene, linalool",6,ALL_FOUND,1.5
3600522365884,Solution Micellaire,"AQUA / WATER, HEXYLENE GLYCOL, GLYCERIN, POLOXAMER 184, DISODIUM COCOAMPHODIACETATE, DISODIUM EDTA, POLYAMINOPROPYL BIGUANIDE. (F.I.L B54894/2).",,,"aqua water, hexylene glycol, glycerin, poloxamer, disodium cocoamphodiacetate, disodium edta, polyaminopropyl biguanide",7,ALL_FOUND,1.125
3600522838876,Accord Parfait fond de teint unifiant sur-mesure Lin,"AQUA / WATER, DIMETHICONE, ISODODECANE, CYCLOHEXASILOXANE, GLYCERIN, PEG-10 DIMETHICONE, METHYL METHACRYLATE CROSSPOLYMER, BUTYLENE GLYCOL, PENTYLENE GLYCOL, SYNTHETIC FLUORPHLOGOPITE, DISTEARDIMONIUM HECTORITE, HYDROXYETHYLPIPERAZINE ETHANE SULFONIC ACID, CETYL PEG/PPG-10/1 DIMETHICONE, SODIUM CHLORIDE, POLYGLYCERYL-4 ISOSTEARATE, HEXYL LAURATE, CAPRYLYL GLYCOL, PHENOXYETHANOL, DISODIUM STEAROYL GLUTAMATE, TOCOPHEROL, PANTHENOL, ALUMINUM HYDROXIDE, HYDROXYETHYL UREA, HYDRATED SILICA, METHICONE",,,"aqua water, dimethicone, isododecane, cyclohexasiloxane, glycerin, peg dimethicone, methyl methacrylate crosspolymer, butylene glycol, pentylene glycol, synthetic fluorphlogopite, disteardimonium hectorite, hydroxyethylpiperazine ethane sulfonic acid, cetyl pegppg dimethicone, sodium chloride, polyglyceryl isostearate, hexyl laurate, caprylyl glycol, phenoxyethanol, disodium stearoyl glutamate, tocopherol, panthenol, aluminum hydroxide, hydroxyethyl urea, hydrated silica, methicone",25,ALL_FOUND,1.119047619047619
3600522840626,Accord Parfait fond de teint unifiant sur-mesure Lin,"AQUA / WATER, DIMETHICONE, ISODODECANE, CYCLOHEXASILOXANE, GLYCERIN, PEG-10 DIMETHICONE, METHYL METHACRYLATE CROSSPOLYMER, BUTYLENE GLYCOL, PENTYLENE GLYCOL, SYNTHETIC FLUORPHLOGOPITE, DISTEARDIMONIUM HECTORITE, HYDROXYETHYLPIPERAZINE ETHANE SULFONIC ACID, CETYL PEG/PPG-10/1 DIMETHICONE, SODIUM CHLORIDE, POLYGLYCERYL-4 ISOSTEARATE, HEXYL LAURATE, CAPRYLYL GLYCOL, PHENOXYETHANOL, DISODIUM STEAROYL GLUTAMATE, TOCOPHEROL, PANTHENOL, ALUMINUM HYDROXIDE, HYDROXYETHYL UREA, HYDRATED SILICA, METHICONE",,,"aqua water, dimethicone, isododecane, cyclohexasiloxane, glycerin, peg dimethicone, methyl methacrylate crosspolymer, butylene glycol, pentylene glycol, synthetic fluorphlogopite, disteardimonium hectorite, hydroxyethylpiperazine ethane sulfonic acid, cetyl pegppg dimethicone, sodium chloride, polyglyceryl isostearate, hexyl laurate, caprylyl glycol, phenoxyethanol, disodium stearoyl glutamate, tocopherol, panthenol, aluminum hydroxide, hydroxyethyl urea, hydrated silica, methicone",25,ALL_FOUND,1.119047619047619
3600541729452,Solution Micellaire Tout en 1 Peaux Sensibles,"AQUA / WATER, HEXYLENE GLYCOL, DISODIUM COCOAMPHODIACETATE, DISODIUM EDTA, POLOXAMER 184, POLYAMINOPROPYL BIGUANIDE. (B162919/4)",,,"aqua water, hexylene glycol, disodium cocoamphodiacetate, disodium edta, poloxamer, polyaminopropyl biguanide",6,ALL_FOUND,1.0
3600550313352,Eau micellaire physiologique visage et yeux,"AQUA / WATER, HEXYLENE GLYCOL, GLYCERIN, PEG-60 HYDROGENATED CASTOR OIL, POLOXAMER 184, DISODIUM COCOAMPHODIACETATE, DISODIUM EDTA, CITRIC ACID, PANTHENOL, POLYAMINOPROPYL BIGUANIDE, (F.I.L. B164981/1).",,http://en.openbeautyfacts.org/images/products/360/055/031/3352/front.5.400.jpg,"aqua water, hexylene glycol, glycerin, peg hydrogenated castor oil, poloxamer, disodium cocoamphodiacetate, disodium edta, citric acid, panthenol, polyaminopropyl biguanide",10,ALL_FOUND,1.2857142857142858
3700436040751,Huile de massage gourmande & chauffante Fraise,"GLYCERIN, PROPYLENE GLYCOL, AROMA, SODIUM SACCHARIN.",,,"glycerin, propylene glycol, aroma, sodium saccharin",4,ALL_FOUND,1.25
3760087902921,beurre de karité sans parfum,"Butyrospermum parkii butter*, tocopherol.",,,"butyrospermum parkii butter, tocopherol",2,ALL_FOUND,
4005800019876,Aquaphor,"Paraffinum Liquidum, Cera Micro-cristallina, Ceresin, Lanolin Alcohol (Eucerit®), Panthenol, Glycerin, Bisabolol",,,"paraffinum liquidum, cera microcristallina, ceresin, lanolin alcohol, panthenol, glycerin, bisabolol",7,ALL_FOUND,1.35
4015400646839,Baby-dry 4+ (9-18 kg),"petrolatum, stearyl alcohol, paraffinum liquidum, aloe barbadensis leaf extract.",,,"petrolatum, stearyl alcohol, paraffinum liquidum, aloe barbadensis leaf extract",4,ALL_FOUND,1.4166666666666667
4015400696667,Premium protection Active Fit 5 11-23 kg,"petrolatum, stearyl alcohol, paraffinum liquidum, aloe barbadensis leaf extract",,,"petrolatum, stearyl alcohol, paraffinum liquidum, aloe barbadensis leaf extract",4,ALL_FOUND,1.3125
4015400833581,Baby-dry 4 / 8-16 kg,"petrolatum, stearyl alcohol, paraffinum liquidum, aloe barbadensis leaf extract.",,,"petrolatum, stearyl alcohol, paraffinum liquidum, aloe barbadensis leaf extract",4,ALL_FOUND,1.4166666666666667
4015400833659,Baby dry taille 4 (8-16 kg) Maxi,"petrolatum, stearyl alcohol, paraffinum liquidum, aloe barbadensis leaf extract.",,,"petrolatum, stearyl alcohol, paraffinum liquidum, aloe barbadensis leaf extract",4,ALL_FOUND,1.4166666666666667
4015400834052,Baby-dry 4+ 9-18 kg,"petrolatum, stearyl alcohol, paraffinum liquidum, aloe barbadensis leaf extract",,,"petrolatum, stearyl alcohol, paraffinum liquidum, aloe barbadensis leaf extract",4,ALL_FOUND,1.3125
4015400834113,Baby-dry 4+ Maxi+ 9-18kg,"petrolatum, stearyl alcohol, paraffinum liquidum, aloe barbadensis leaf extract.",,,"petrolatum, stearyl alcohol, paraffinum liquidum, aloe barbadensis leaf extract",4,ALL_FOUND,1.4166666666666667
4015400834489,Baby-dry 5+ 13-25 kg,"petrolatum, stearyl alcohol, paraffinum liquidum, aloe barbadensis leaf extract.",,,"petrolatum, stearyl alcohol, paraffinum liquidum, aloe barbadensis leaf extract",4,ALL_FOUND,1.4166666666666667
5099802150117,Lip therapy petroleum jelly pocket size,petrolatum,,http://en.openbeautyfacts.org/images/products/509/980/215/0117/front.5.400.jpg,petrolatum,1,ALL_FOUND,2.0
5412058146794,Natural Talcum,talc,,http://en.openbeautyfacts.org/images/products/541/205/814/6794/front.7.400.jpg,talc,1,ALL_FOUND,1.0
8415555555554,Shimmer and color blush,"Talc, mica, kaolin, aluminium starch octenylsuccinate, isocetyl stearoyl stearate, titanium dioxide, pentaerythrityl tetraisostearate, phenoxyethanol, caprylyl glycol, magnesium stearate, caprylic/capric triglyceride, cinnamal, citronellol, calcium aluminium borosilicate, tin oxide.",,,"talc, mica, kaolin, aluminium starch octenylsuccinate, isocetyl stearoyl stearate, titanium dioxide, pentaerythrityl tetraisostearate, phenoxyethanol, caprylyl glycol, magnesium stearate, capryliccapric triglyceride, cinnamal, citronellol, calcium aluminium borosilicate, tin oxide",15,ALL_FOUND,1.2307692307692308
8714789788838,Sanex natur protect,"ISOBUTANE, BUTANE, PRAPANE, CYCLOMETHICONE, DIMETHICONE, POTASSIUM ALUM, DISEARDIMONIUM HECT..., PROPYLENE CARBONATE, DIMETHICONOL",,,"isobutane, butane, prapane, cyclomethicone, dimethicone, potassium alum, diseardimonium hect, propylene carbonate, dimethiconol",9,ALL_FOUND,1.28125
3 600551 154961,parfum Nihel,"butane , coumarin, linalool",,,,,,4
6192403000023,boom à lèvre, "beurre de karité , vitamine A , vitamine E",
600551154961 ,talc , fragrance , limonene
3 600551154961 ,talc , fragrance , limonene
3 600551 154961 ,